﻿<?xml version="1.0" encoding="utf-8"?>
<view raster="1.5">
  <path id="0">
    <pos X="66" Y="70.5" />
    <pos X="15" Y="70.5" />
    <pos X="15" Y="69" />
    <pos X="66" Y="69" />
    <pos X="66" Y="67.5" />
    <pos X="15" Y="67.5" />
    <pos X="15" Y="22.5" />
    <pos X="16.5" Y="22.5" />
    <pos X="16.5" Y="66" />
    <pos X="18" Y="66" />
    <pos X="18" Y="22.5" />
    <pos X="19.5" Y="22.5" />
    <pos X="19.5" Y="66" />
    <pos X="66" Y="66" />
    <pos X="66" Y="70.5" />
    <pos X="66" Y="70.5" />
  </path>
</view>